{
     "editorVersion": "5.22",
     "states": [
          {
               "id": 1,
               "attrs": {
                    "x": 558,
                    "y": -154,
                    "width": 30,
                    "height": 30,
                    "r": 15,
                    "rx": 15,
                    "ry": 15,
                    "fill": "#fff",
                    "stroke": "#666",
                    "stroke-width": 1,
                    "fill-opacity": 100
               },
               "fwprop": {
                    "autoid": 1,
                    "type": "init",
                    "note": ""
               },
               "selected": false
          },
          {
               "id": 2,
               "attrs": {
                    "x": 510,
                    "y": 259,
                    "width": 126,
                    "height": 100,
                    "r": 10,
                    "rx": 10,
                    "ry": 10,
                    "fill": "#fff",
                    "stroke": "#666",
                    "stroke-width": 1,
                    "fill-opacity": 100
               },
               "fwprop": {
                    "autoid": 1,
                    "type": "state",
                    "note": "",
                    "identifier": "S_START",
                    "entryFunc": "f_getTime",
                    "doFunc": "",
                    "exitFunc": "",
                    "entryType": "run code",
                    "doType": "call function",
                    "exitType": "call function",
                    "entryCode": "//piface->time_value=HAL_GetTick();\n\npiface->timeOut=HAL_GetTick();\n\n//TODO for debug only\n//piface->sw1_value=1;\n\npiface->sw1_value=shift_test_switch_is_ON();\npiface->started =1;\n",
                    "doCode": "",
                    "exitCode": "",
                    "entryDesc": "",
                    "doDesc": "",
                    "exitDesc": "",
                    "entryAp": false,
                    "doAp": false,
                    "exitAp": false,
                    "embedSmId": "0"
               },
               "selected": false
          },
          {
               "id": 5,
               "attrs": {
                    "x": 558,
                    "y": 437,
                    "width": 30,
                    "height": 30,
                    "r": 0,
                    "rx": 0,
                    "ry": 0,
                    "fill": "#ccffaa",
                    "stroke": "#666",
                    "stroke-width": 1,
                    "fill-opacity": 100,
                    "transform": "r45"
               },
               "fwprop": {
                    "autoid": 1,
                    "type": "choice",
                    "note": "",
                    "identifier": "C_HX_prog_or_run"
               },
               "selected": false
          },
          {
               "id": 6,
               "attrs": {
                    "x": 675,
                    "y": 537,
                    "width": 260,
                    "height": 276,
                    "r": 10,
                    "rx": 10,
                    "ry": 10,
                    "fill": "#ffcc99",
                    "stroke": "#666",
                    "stroke-width": 1,
                    "fill-opacity": 100
               },
               "fwprop": {
                    "autoid": 2,
                    "type": "state",
                    "note": "",
                    "identifier": "S_runHX712",
                    "entryFunc": "",
                    "doFunc": "",
                    "exitFunc": "",
                    "entryType": "call function",
                    "doType": "call function",
                    "exitType": "call function",
                    "entryCode": "",
                    "doCode": "",
                    "exitCode": "",
                    "entryDesc": "",
                    "doDesc": "",
                    "exitDesc": "",
                    "entryAp": false,
                    "doAp": false,
                    "exitAp": false,
                    "embedSmId": "2940"
               },
               "selected": false
          },
          {
               "id": 9,
               "attrs": {
                    "x": 194,
                    "y": 542,
                    "width": 260,
                    "height": 266,
                    "r": 10,
                    "rx": 10,
                    "ry": 10,
                    "fill": "#ffcc99",
                    "stroke": "#666",
                    "stroke-width": 1,
                    "fill-opacity": 100
               },
               "fwprop": {
                    "autoid": 3,
                    "type": "state",
                    "note": "",
                    "identifier": "S_progHX712",
                    "entryFunc": "",
                    "doFunc": "",
                    "exitFunc": "",
                    "entryType": "call function",
                    "doType": "call function",
                    "exitType": "call function",
                    "entryCode": "",
                    "doCode": "",
                    "exitCode": "",
                    "entryDesc": "",
                    "doDesc": "",
                    "exitDesc": "",
                    "entryAp": false,
                    "doAp": false,
                    "exitAp": false,
                    "embedSmId": "2939"
               },
               "selected": false
          },
          {
               "id": 12,
               "attrs": {
                    "x": 558,
                    "y": -48,
                    "width": 30,
                    "height": 30,
                    "r": 0,
                    "rx": 0,
                    "ry": 0,
                    "fill": "#ccffaa",
                    "stroke": "#666",
                    "stroke-width": 1,
                    "fill-opacity": 100,
                    "transform": "r45"
               },
               "fwprop": {
                    "autoid": 2,
                    "type": "choice",
                    "note": "",
                    "identifier": "C_prog_ldr_switch"
               },
               "selected": false
          },
          {
               "id": 13,
               "attrs": {
                    "x": 837,
                    "y": -83,
                    "width": 212,
                    "height": 100,
                    "r": 10,
                    "rx": 10,
                    "ry": 10,
                    "fill": "#ffff99",
                    "stroke": "#666",
                    "stroke-width": 1,
                    "fill-opacity": 100
               },
               "fwprop": {
                    "autoid": 4,
                    "type": "state",
                    "note": "",
                    "identifier": "S_progLdrSwitchValue",
                    "entryFunc": "f_setNewLdrSwitchValue",
                    "doFunc": "",
                    "exitFunc": "",
                    "entryType": "run code",
                    "doType": "call function",
                    "exitType": "call function",
                    "entryCode": "progLdrSwitchValue();",
                    "doCode": "",
                    "exitCode": "",
                    "entryDesc": "",
                    "doDesc": "",
                    "exitDesc": "",
                    "entryAp": false,
                    "doAp": false,
                    "exitAp": false,
                    "embedSmId": "0"
               },
               "selected": false
          },
          {
               "id": 16,
               "attrs": {
                    "x": 479,
                    "y": 30,
                    "width": 188,
                    "height": 78,
                    "r": 10,
                    "rx": 10,
                    "ry": 10,
                    "fill": "#fff",
                    "stroke": "#666",
                    "stroke-width": 1,
                    "fill-opacity": 100
               },
               "fwprop": {
                    "autoid": 5,
                    "type": "state",
                    "note": "",
                    "identifier": "S_getLdrValue",
                    "entryFunc": "f_getLdrValue",
                    "doFunc": "",
                    "exitFunc": "",
                    "entryType": "run code",
                    "doType": "call function",
                    "exitType": "call function",
                    "entryCode": "LDR_Value();\nif(piface->ldr_value>piface->ldr_switch){\npiface->sleepMode=1;\n}else{\npiface->sleepMode=0;\n}\n",
                    "doCode": "",
                    "exitCode": "",
                    "entryDesc": "",
                    "doDesc": "",
                    "exitDesc": "",
                    "entryAp": false,
                    "doAp": false,
                    "exitAp": false,
                    "embedSmId": "0"
               },
               "selected": false
          },
          {
               "id": 19,
               "attrs": {
                    "x": 558,
                    "y": 171,
                    "width": 30,
                    "height": 30,
                    "r": 0,
                    "rx": 0,
                    "ry": 0,
                    "fill": "#ccffaa",
                    "stroke": "#666",
                    "stroke-width": 1,
                    "fill-opacity": 100,
                    "transform": "r45"
               },
               "fwprop": {
                    "autoid": 3,
                    "type": "choice",
                    "note": "",
                    "identifier": "C_sleepmode"
               },
               "selected": false
          },
          {
               "id": 20,
               "attrs": {
                    "x": 756,
                    "y": 144,
                    "width": 176,
                    "height": 84,
                    "r": 10,
                    "rx": 10,
                    "ry": 10,
                    "fill": "#ffcccc",
                    "stroke": "#666",
                    "stroke-width": 1,
                    "fill-opacity": 100
               },
               "fwprop": {
                    "autoid": 6,
                    "type": "state",
                    "note": "",
                    "identifier": "S_sleepMode",
                    "entryFunc": "f_sleepMode",
                    "doFunc": "",
                    "exitFunc": "",
                    "entryType": "run code",
                    "doType": "call function",
                    "exitType": "call function",
                    "entryCode": "sleepMode();",
                    "doCode": "",
                    "exitCode": "",
                    "entryDesc": "",
                    "doDesc": "",
                    "exitDesc": "",
                    "entryAp": false,
                    "doAp": false,
                    "exitAp": false,
                    "embedSmId": "0"
               },
               "selected": false
          }
     ],
     "connections": [
          {
               "attrs": {
                    "fill": "none",
                    "stroke": "#000",
                    "path": [
                         [
                              "M",
                              573,
                              -119
                         ],
                         [
                              "L",
                              573,
                              -66
                         ]
                    ],
                    "stroke-width": 2,
                    "stroke-linecap": "round",
                    "stroke-linejoin": "round",
                    "stroke-dasharray": ""
               },
               "fwprop": {
                    "order": "1",
                    "identifier": "",
                    "guardFunc": "",
                    "actionFunc": "A_INIT",
                    "guardType": "call function",
                    "actionType": "run code",
                    "guardCode": "",
                    "actionCode": "piface->run_mode = 1;\n",
                    "guardDesc": "",
                    "guardAp": false,
                    "actionDesc": "",
                    "actionAp": false,
                    "note": ""
               },
               "shiftx": 0,
               "shifty": 0,
               "vertexes": [],
               "shiftxy": {
                    "x": 0,
                    "y": 0
               },
               "stateFromID": 1,
               "stateToID": 12,
               "selected": false
          },
          {
               "attrs": {
                    "fill": "none",
                    "stroke": "#000",
                    "path": [
                         [
                              "M",
                              531.0263157894736,
                              364
                         ],
                         [
                              "L",
                              515,
                              385
                         ],
                         [
                              "L",
                              556.4863582515067,
                              432.92389660087844
                         ]
                    ],
                    "stroke-width": 2,
                    "stroke-linecap": "round",
                    "stroke-linejoin": "round",
                    "stroke-dasharray": ""
               },
               "fwprop": {
                    "order": "1",
                    "identifier": "TCLK",
                    "guardFunc": "",
                    "actionFunc": "",
                    "guardType": "call function",
                    "actionType": "call function",
                    "guardCode": "",
                    "actionCode": "",
                    "guardDesc": "",
                    "guardAp": false,
                    "actionDesc": "",
                    "actionAp": false,
                    "note": ""
               },
               "shiftx": -31,
               "shifty": 5,
               "vertexes": [
                    {
                         "x": 515,
                         "y": 385,
                         "hasMoved": true
                    }
               ],
               "shiftxy": {
                    "x": 0,
                    "y": 0
               },
               "stateFromID": 2,
               "stateToID": 5,
               "selected": false
          },
          {
               "attrs": {
                    "fill": "none",
                    "stroke": "#000",
                    "path": [
                         [
                              "M",
                              588.8788001781754,
                              436.8115824382669
                         ],
                         [
                              "L",
                              619,
                              408
                         ],
                         [
                              "L",
                              599.9494949494949,
                              367
                         ]
                    ],
                    "stroke-width": 2,
                    "stroke-linecap": "round",
                    "stroke-linejoin": "round",
                    "stroke-dasharray": ""
               },
               "fwprop": {
                    "order": 4,
                    "identifier": "",
                    "guardFunc": "",
                    "actionFunc": "",
                    "guardType": "call function",
                    "actionType": "call function",
                    "guardCode": "",
                    "actionCode": "",
                    "guardDesc": "",
                    "guardAp": false,
                    "actionDesc": "",
                    "actionAp": false,
                    "note": ""
               },
               "shiftx": 0,
               "shifty": 0,
               "vertexes": [
                    {
                         "x": 619,
                         "y": 408,
                         "hasMoved": true
                    }
               ],
               "shiftxy": {
                    "x": 0,
                    "y": 0
               },
               "stateFromID": 5,
               "stateToID": 2,
               "selected": false
          },
          {
               "attrs": {
                    "fill": "none",
                    "stroke": "#000",
                    "path": [
                         [
                              "M",
                              603,
                              -33
                         ],
                         [
                              "L",
                              829,
                              -32.999999999999986
                         ]
                    ],
                    "stroke-width": 2,
                    "stroke-linecap": "round",
                    "stroke-linejoin": "round",
                    "stroke-dasharray": ""
               },
               "fwprop": {
                    "order": "1",
                    "identifier": "",
                    "guardFunc": "G_run_ldr_switch_value_update",
                    "actionFunc": "",
                    "guardType": "run code",
                    "actionType": "call function",
                    "guardCode": "/*do only enter this State when sw1 is on */\nif(piface->sw1_value > 0){\nreturn 1;\n}\nreturn 0;",
                    "actionCode": "",
                    "guardDesc": "",
                    "guardAp": false,
                    "actionDesc": "",
                    "actionAp": false,
                    "note": ""
               },
               "shiftx": -5,
               "shifty": -7,
               "vertexes": [],
               "shiftxy": {
                    "x": 0,
                    "y": 0
               },
               "stateFromID": 12,
               "stateToID": 13,
               "selected": false
          },
          {
               "attrs": {
                    "fill": "none",
                    "stroke": "#000",
                    "path": [
                         [
                              "M",
                              573,
                              -3
                         ],
                         [
                              "L",
                              573,
                              22
                         ]
                    ],
                    "stroke-width": 2,
                    "stroke-linecap": "round",
                    "stroke-linejoin": "round",
                    "stroke-dasharray": ""
               },
               "fwprop": {
                    "order": "2",
                    "identifier": "",
                    "guardFunc": "G_enter_all",
                    "actionFunc": "",
                    "guardType": "run code",
                    "actionType": "call function",
                    "guardCode": "/*do not enter the FSM when sw1 is on */\nif(piface->sw1_value == 0){\nreturn 1;\n}\nreturn 0;",
                    "actionCode": "",
                    "guardDesc": "",
                    "guardAp": false,
                    "actionDesc": "",
                    "actionAp": false,
                    "note": ""
               },
               "shiftx": 0,
               "shifty": 0,
               "vertexes": [],
               "shiftxy": {
                    "x": 0,
                    "y": 0
               },
               "stateFromID": 12,
               "stateToID": 16,
               "selected": false
          },
          {
               "attrs": {
                    "fill": "none",
                    "stroke": "#000",
                    "path": [
                         [
                              "M",
                              573,
                              113
                         ],
                         [
                              "L",
                              573,
                              153
                         ]
                    ],
                    "stroke-width": 2,
                    "stroke-linecap": "round",
                    "stroke-linejoin": "round",
                    "stroke-dasharray": ""
               },
               "fwprop": {
                    "order": "1",
                    "identifier": "TCLK",
                    "guardFunc": "",
                    "actionFunc": "",
                    "guardType": "call function",
                    "actionType": "call function",
                    "guardCode": "",
                    "actionCode": "",
                    "guardDesc": "",
                    "guardAp": false,
                    "actionDesc": "",
                    "actionAp": false,
                    "note": ""
               },
               "shiftx": 0,
               "shifty": 0,
               "vertexes": [],
               "shiftxy": {
                    "x": 0,
                    "y": 0
               },
               "stateFromID": 16,
               "stateToID": 19,
               "selected": false
          },
          {
               "attrs": {
                    "fill": "none",
                    "stroke": "#000",
                    "path": [
                         [
                              "M",
                              573,
                              216
                         ],
                         [
                              "L",
                              573,
                              251
                         ]
                    ],
                    "stroke-width": 2,
                    "stroke-linecap": "round",
                    "stroke-linejoin": "round",
                    "stroke-dasharray": ""
               },
               "fwprop": {
                    "order": "2",
                    "identifier": "",
                    "guardFunc": "",
                    "actionFunc": "",
                    "guardType": "call function",
                    "actionType": "call function",
                    "guardCode": "",
                    "actionCode": "",
                    "guardDesc": "",
                    "guardAp": false,
                    "actionDesc": "",
                    "actionAp": false,
                    "note": ""
               },
               "shiftx": 0,
               "shifty": 0,
               "vertexes": [],
               "shiftxy": {
                    "x": 0,
                    "y": 0
               },
               "stateFromID": 19,
               "stateToID": 2,
               "selected": false
          },
          {
               "attrs": {
                    "fill": "none",
                    "stroke": "#000",
                    "path": [
                         [
                              "M",
                              603,
                              186
                         ],
                         [
                              "L",
                              748,
                              186
                         ]
                    ],
                    "stroke-width": 2,
                    "stroke-linecap": "round",
                    "stroke-linejoin": "round",
                    "stroke-dasharray": ""
               },
               "fwprop": {
                    "order": "1",
                    "identifier": "",
                    "guardFunc": "G_sleepMode",
                    "actionFunc": "",
                    "guardType": "run code",
                    "actionType": "call function",
                    "guardCode": "/*do only enter this State when sleepMode is set by f_getLdrValue on */\nif(piface->sleepMode == 1){\nreturn 1;\n}\nreturn 0;",
                    "actionCode": "",
                    "guardDesc": "",
                    "guardAp": false,
                    "actionDesc": "",
                    "actionAp": false,
                    "note": ""
               },
               "shiftx": 1,
               "shifty": 0,
               "vertexes": [],
               "shiftxy": {
                    "x": 0,
                    "y": 0
               },
               "stateFromID": 19,
               "stateToID": 20,
               "selected": false
          },
          {
               "attrs": {
                    "fill": "none",
                    "stroke": "#000",
                    "path": [
                         [
                              "M",
                              943,
                              22
                         ],
                         [
                              "L",
                              943,
                              69
                         ],
                         [
                              "L",
                              675,
                              69
                         ]
                    ],
                    "stroke-width": 2,
                    "stroke-linecap": "round",
                    "stroke-linejoin": "round",
                    "stroke-dasharray": ""
               },
               "fwprop": {
                    "order": "1",
                    "identifier": "TCLK",
                    "guardFunc": "",
                    "actionFunc": "",
                    "guardType": "call function",
                    "actionType": "call function",
                    "guardCode": "",
                    "actionCode": "",
                    "guardDesc": "",
                    "guardAp": false,
                    "actionDesc": "",
                    "actionAp": false,
                    "note": ""
               },
               "shiftx": -1,
               "shifty": 1,
               "vertexes": [
                    {
                         "x": 943,
                         "y": 69,
                         "hasMoved": true
                    }
               ],
               "shiftxy": {
                    "x": 0,
                    "y": 0
               },
               "stateFromID": 13,
               "stateToID": 16,
               "selected": false
          },
          {
               "attrs": {
                    "fill": "none",
                    "stroke": "#000",
                    "path": [
                         [
                              "M",
                              603,
                              452
                         ],
                         [
                              "L",
                              803,
                              452
                         ],
                         [
                              "L",
                              803.6905829596412,
                              529
                         ]
                    ],
                    "stroke-width": 2,
                    "stroke-linecap": "round",
                    "stroke-linejoin": "round",
                    "stroke-dasharray": ""
               },
               "fwprop": {
                    "order": "2",
                    "identifier": "",
                    "guardFunc": "G_runHX712_atTime",
                    "actionFunc": "",
                    "guardType": "run code",
                    "actionType": "call function",
                    "guardCode": "/*do only enter this State when time has passed */\n\n\nif (piface->timeOut - piface->startTimHx > piface->timeHx) {\n\tpiface->run_mode = 2;\npiface->startTimHx=HAL_GetTick();\n\treturn 1;\n}\n\treturn 0;\n\t",
                    "actionCode": "",
                    "guardDesc": "",
                    "guardAp": false,
                    "actionDesc": "",
                    "actionAp": false,
                    "note": ""
               },
               "shiftx": 0,
               "shifty": 0,
               "vertexes": [
                    {
                         "x": 803,
                         "y": 452,
                         "hasMoved": true
                    }
               ],
               "shiftxy": {
                    "x": 0,
                    "y": 0
               },
               "stateFromID": 5,
               "stateToID": 6,
               "selected": false
          },
          {
               "attrs": {
                    "fill": "none",
                    "stroke": "#000",
                    "path": [
                         [
                              "M",
                              543,
                              452
                         ],
                         [
                              "L",
                              322,
                              452
                         ],
                         [
                              "L",
                              322.7354260089686,
                              534
                         ]
                    ],
                    "stroke-width": 2,
                    "stroke-linecap": "round",
                    "stroke-linejoin": "round",
                    "stroke-dasharray": ""
               },
               "fwprop": {
                    "order": "1",
                    "identifier": "",
                    "guardFunc": "G_progHX712Mode",
                    "actionFunc": "",
                    "guardType": "run code",
                    "actionType": "call function",
                    "guardCode": "/*do only enter this State when sw1 is on */\nif(piface->sw1_value > 0){\nreturn 1;\n}\nreturn 0;",
                    "actionCode": "",
                    "guardDesc": "",
                    "guardAp": false,
                    "actionDesc": "",
                    "actionAp": false,
                    "note": ""
               },
               "shiftx": 0,
               "shifty": 0,
               "vertexes": [
                    {
                         "x": 322,
                         "y": 452,
                         "hasMoved": true
                    }
               ],
               "shiftxy": {
                    "x": 0,
                    "y": 0
               },
               "stateFromID": 5,
               "stateToID": 9,
               "selected": false
          },
          {
               "attrs": {
                    "fill": "none",
                    "stroke": "#000",
                    "path": [
                         [
                              "M",
                              856.0714285714286,
                              532
                         ],
                         [
                              "L",
                              875,
                              479
                         ],
                         [
                              "L",
                              875,
                              479
                         ],
                         [
                              "L",
                              875,
                              309
                         ],
                         [
                              "L",
                              692,
                              309
                         ],
                         [
                              "L",
                              644,
                              309
                         ]
                    ],
                    "stroke-width": 2,
                    "stroke-linecap": "round",
                    "stroke-linejoin": "round",
                    "stroke-dasharray": ""
               },
               "fwprop": {
                    "order": "1",
                    "identifier": "TCLAK",
                    "guardFunc": "",
                    "actionFunc": "",
                    "guardType": "call function",
                    "actionType": "call function",
                    "guardCode": "",
                    "actionCode": "",
                    "guardDesc": "",
                    "guardAp": false,
                    "actionDesc": "",
                    "actionAp": false,
                    "note": ""
               },
               "shiftx": 2,
               "shifty": 2,
               "vertexes": [
                    {
                         "x": 875,
                         "y": 479,
                         "hasMoved": true
                    },
                    {
                         "x": 875,
                         "y": 479,
                         "hasMoved": true
                    },
                    {
                         "x": 875,
                         "y": 309,
                         "hasMoved": true
                    },
                    {
                         "x": 692,
                         "y": 309,
                         "hasMoved": true
                    }
               ],
               "shiftxy": {
                    "x": 0,
                    "y": 0
               },
               "stateFromID": 6,
               "stateToID": 2,
               "selected": false
          },
          {
               "attrs": {
                    "fill": "none",
                    "stroke": "#000",
                    "path": [
                         [
                              "M",
                              283.1632653061224,
                              537
                         ],
                         [
                              "L",
                              266,
                              479
                         ],
                         [
                              "L",
                              266,
                              309
                         ],
                         [
                              "L",
                              502,
                              309
                         ]
                    ],
                    "stroke-width": 2,
                    "stroke-linecap": "round",
                    "stroke-linejoin": "round",
                    "stroke-dasharray": ""
               },
               "fwprop": {
                    "order": "1",
                    "identifier": "TCLAK",
                    "guardFunc": "",
                    "actionFunc": "",
                    "guardType": "call function",
                    "actionType": "call function",
                    "guardCode": "",
                    "actionCode": "",
                    "guardDesc": "",
                    "guardAp": false,
                    "actionDesc": "",
                    "actionAp": false,
                    "note": ""
               },
               "shiftx": 0,
               "shifty": 0,
               "vertexes": [
                    {
                         "x": 266,
                         "y": 479,
                         "hasMoved": true
                    },
                    {
                         "x": 266,
                         "y": 309,
                         "hasMoved": true
                    }
               ],
               "shiftxy": {
                    "x": 0,
                    "y": 0
               },
               "stateFromID": 9,
               "stateToID": 2,
               "selected": false
          },
          {
               "attrs": {
                    "fill": "none",
                    "stroke": "#000",
                    "path": [
                         [
                              "M",
                              550.718071742821,
                              443.46920461010865
                         ],
                         [
                              "L",
                              398,
                              385
                         ],
                         [
                              "L",
                              398,
                              69
                         ],
                         [
                              "L",
                              471,
                              69.00000000000001
                         ]
                    ],
                    "stroke-width": 2,
                    "stroke-linecap": "round",
                    "stroke-linejoin": "round",
                    "stroke-dasharray": ""
               },
               "fwprop": {
                    "order": "3",
                    "identifier": "",
                    "guardFunc": "G_runLDR_atTime",
                    "actionFunc": "",
                    "guardType": "run code",
                    "actionType": "call function",
                    "guardCode": "/*do only enter this State when time has passed */\n/*do only enter this State when time has passed */\n\n\nif (piface->timeOut - piface->startTimLDR > piface->timeLDR) {\n\t\tpiface->startTimLDR=HAL_GetTick();\n\treturn 1;\n}\n\treturn 0;\n\t",
                    "actionCode": "",
                    "guardDesc": "",
                    "guardAp": false,
                    "actionDesc": "",
                    "actionAp": false,
                    "note": ""
               },
               "shiftx": 1,
               "shifty": 3,
               "vertexes": [
                    {
                         "x": 398,
                         "y": 385,
                         "hasMoved": true
                    },
                    {
                         "x": 398,
                         "y": 69,
                         "hasMoved": true
                    }
               ],
               "shiftxy": {
                    "x": 0,
                    "y": 0
               },
               "stateFromID": 5,
               "stateToID": 16,
               "selected": false
          }
     ],
     "globals": {
          "paperPanX": 0,
          "paperPanY": -180,
          "attrs": {
               "x": 0,
               "y": -180,
               "width": 1873,
               "height": 1036,
               "r": 0,
               "rx": 0,
               "ry": 0,
               "fill": "#eee",
               "stroke": "#000",
               "stroke-width": 0
          },
          "fwprop": {
               "smName": "mainFsm",
               "editorType": "Sm",
               "globalvar": [
                    {
                         "type": "int",
                         "name": "",
                         "value": ""
                    }
               ],
               "smIncludes": "#include \"stdint.h\"\n//#include \"menu.h\"\n#include \"fsmDefs.h\"\n#include \"stm32l0xx_hal.h\"\n\nextern FsmIFace* piface;\n\nextern void HX712_run(void);\nextern void LDR_Value(void);\nextern void LED_RGB_Set(float HSV_value);\nextern void Read_from_Eeprom(void);\nextern void Save_2_Eeprom(void);\nextern void pumpOFF(void);\nextern void pumpON(void);\nextern void progLdrSwitchValue(void);\nextern void sleepMode(void);\nextern void Error_Handler(void);\nextern uint32_t shift_test_switch_is_ON(void);\n",
               "smNotes": "",
               "memalloc": "static",
               "displayInfo": 0,
               "displayOrder": 1,
               "smTags": "pflamiku_3"
          }
     }
}